Username,Artist,Album,Spotify
Bob Clarke,Eminem,The Eminem show,https://open.spotify.com/album/2cWBwpqMsDJC1ZUwz813lo?si=iuEcKO7mQCWJQD6uPKbBuw
Bob Clarke,The Doors,The Doors,https://open.spotify.com/album/3zVyMAtWiXugudXuCRiUjL?si=6lyWbdGnQjWNLqIV3l6n2w
Bob Clarke,Haken,Vector,https://open.spotify.com/album/1PhYHO7Pva9e1YQY5GQ8zx?si=NZlranNmRxycPicHVFm1Qg
Lateworm,Magic Sam,West Side Soul,https://open.spotify.com/album/2bonSc9cW7a0YcFBiH9naX?si=hyAWktnWToW9a1eXrcDelA
Lateworm,Freddie King,Getting Ready... (World),https://open.spotify.com/album/2bNjljctm6ynfp9Xzdy7RI?si=wwblbCcPRxypM4iP4FjrCg
Jamie,68,Two Parts Viper,https://open.spotify.com/album/3bk992zoT3XivpIN2AR7GF?si=HQ4hf9i0S4uZAdGv0HYykg
Jamie,Stone Sour,"House of Gold & Bones, Part 1",https://open.spotify.com/album/2nCHgPLLyIgxFKUBYuMKPn?si=9dY8TTPySRasduIdndBp2A
Cody Chance,Vance Joy,Nation of Two,https://open.spotify.com/album/5f6Eu9QtujgGggq5qbbycV?si=vXXp-yuLQxSRviysUXQsug
Jamie Jansen,Zeal & Ardor,Stranger Fruit,https://open.spotify.com/album/5MUJf1UCALl5tfCEhRjkd2?si=vs0JbimUSVy4uFk7Qsh8qQ
Jamie,System of a Down,System of a Down,https://open.spotify.com/album/3sSfjX4fhZonjyZ10x0l0f?si=vslY6T2qQIqrTMR4UmpT1Q
Jamie,PUP,Morbid Stuff,https://open.spotify.com/album/0819j23RlVKRJLnXM8ZQI3?si=ARs1KKVCTVOekVkrAN2vdA
Jamie,Clown Core,Van,https://open.spotify.com/album/7f5AP647DfTSWf0OmZRrPe?si=uKtDMMe4SaqwiMCWJPRE7A
Jamie,Jeff Rosenstock,NO DREAM,https://open.spotify.com/album/0WryIdPBSezBZ7K9G0OHhl?si=m5hMJqr_TUOJJZDIGu3MNQ
Jamie,Ninjaspy,Spuken,https://open.spotify.com/album/5iiSw0ByPZLcQTr2hazs4S?si=3op5ar-6Q42uexpQCVJg8w
Jamie,Future of the Left,Travels with Myself and Another,https://open.spotify.com/album/6YlwVZIJbmnwm2pBXuElt0?si=8U61nYbORUWhH9nmNII5pQ
Jamie,Night Verses,Lift Your Existence,https://open.spotify.com/album/5kujh2ZprmKx1PA9OvgwlV?si=5dmtQT1US1SNnYkfNVXbPg
Jamie,Born of Osiris,The Simulation,https://open.spotify.com/album/1MI4MDPfyFPOFCEF7ykJWW?si=7SxxgY7BScWZAzxBPpuLzw
Jamie,Veil Of Maya,False Idol,https://open.spotify.com/album/3JyJacKuakMUOXiEgxdLEg?si=YE2IjzNAT9qJKKuuE2xwIA
Jamie,SikTh,The Future in Whose Eyes?,https://open.spotify.com/album/3AglitukJSID7M51tDEDdH?si=cgXBjD3vTt-Aphq5nRF7aA
Jamie,Greyhaven,Empty Black,https://open.spotify.com/artist/1zmx3NwOp6vR4qEjmhSiLL?si=ISGnewniR1yUNFbnsqkNVw
Jamie,Dead from Above 1979,Outrage! Is Now,https://open.spotify.com/album/4kKKH6cFBtNd9etSJzkMjZ?si=yEh3du-oQkuYL-maSvtuMg
Jamie,Alexisonfire,Old Crows / Young Cardinals,https://open.spotify.com/album/0nH9oyqLzuKkwFh5izLIGh?si=qy3j4gTcSr2AGaZ5DT6Ilw
Jamie,The Decemberists,The King is Dead,https://open.spotify.com/album/3hd8GiXOy4KUTxVDVUDT5F?si=KzkZNp6fRp2BUIu8ezCC3Q
Jamie,The Dreadnoughts,Polka's Not Dead,https://open.spotify.com/album/6USXCdKuC6VosxTDmi5PvN?si=qyrQLmTxSCWmNy0guHtiuQ
Jamie,Flobots,Fight With Tools,https://open.spotify.com/album/2mSCSmEjNdJUic3fcqse57?si=l6FkOrIhQbCiBy4OhYwdTA
Jamie,Flume,Hi This Is Flume (Mixtape),https://open.spotify.com/album/2Vx9FC6Um8i6kEtY7HNswB?si=-FCIPEKkQYetNDPbuRTRsg
Jamie,Refused,The Shape of Punk To Come,https://open.spotify.com/album/2Us9qPHLvLoTl6HkYAPcz2?si=cXdY2iXsSySRPJmOlwEgEg
IWearTheShpants,Lord Huron,Strange Trails,https://open.spotify.com/album/3yoNZlqerJnsnMN5EDwwBS?si=7_v9pWslSICpd7mXHDrArg
Lateworm,Beck,Modern Guilt,https://open.spotify.com/album/7iHm2lTks5aIvb3z2CCpfo?si=1S2nCjukSG2n3fski-BSNw
OneGuy83,Hootie and the blowfish,Cracked Rear View,https://open.spotify.com/album/5AYmpTfdv1OoASUJ5rZB7K
Lateworm,Michael Nyman,Musique à Grande Vitesse,https://open.spotify.com/album/2qpUTpadrGai80AMFLyqSq?si=rPYX4Ff0R--H0tv3baO5vQ
Lateworm,Herbie Hancock,Head Hunters,https://open.spotify.com/album/5fmIolILp5NAtNYiRPjhzA?si=AyDSquLiQaCZRDa0QnAEFQ
Oneguy83,Dr. Dre,2001,https://open.spotify.com/album/7q2B4M5EiBkqrlsNW8lB7N
Bropunzel,Queensrÿche,operation mind crime,https://open.spotify.com/album/4eEQ3aNA8mptFIfbFdX79p?si=qY9kwkNDSAG8H-vf6dWVpQ
Bropunzel,Beach Boys,Pet Sounds,https://open.spotify.com/album/6GphKx2QAPRoVGWE9D7ou8?si=vGmU1jHKRqm32wvaMVNIYQ
Lateworm,"Medeski, Martin & Wood",End of The World Pary (Just in Case),https://open.spotify.com/album/1hCxbfoen4fGGbbrE3pfZX?si=GrfTsUvfTvq_ghrHnLhUhg
Lateworm,Tom Petty & The Heartbreakers,Damn The Torpedoes,https://open.spotify.com/album/0qKA3aqubD47jfFVoPfsiy?si=ZSYqt30yTs-4-iadWhmCuA
Bob Clarke,Storm Corrosion,Self titled,https://open.spotify.com/album/2hfMN1T3sh5q3j84lw7ZcU?si=2xUpu0U8QMuIXSPmxodrMw
OneGuy83,Enigma,MCMXC a.D.,https://open.spotify.com/album/2PkstTUo2zJbgatbT2JkTU?highlight=spotify:track:6YyqULhTNU7AKaKJKChluQ
Lateworm,Noir Désir,Des visages des figures,https://open.spotify.com/album/2GbW5WBU1BFSChvxtt6BBH?si=86_rsEGGTbujXW9_Vn58xQ
OneGuy83,Iron Maiden,Number of the Beast,https://open.spotify.com/album/5S3gls8Kjn8KVmqlIDEBbO?si=UfEDh4o3TQeUjGO_lNU-xw
Bob Clarke,Pantera,The great southern treadkill,https://open.spotify.com/album/4LdquqwQoyu1pE6Vq8PIha?si=qNwo6cDQRkaIkizQnBn54A
Bob Clarke,Nine Inch Nails,Year Zero,https://open.spotify.com/album/0hdOzMPrGJiGjX3epBP8NN?si=5ZKhwt6IS2idAsqhIurifw
Matt P,Infected Mushroom,The Gathering,https://open.spotify.com/album/5Oqb46QRDn3RpaWToqjuzk?si=7KSkq-tUQSiOb3MPTgYhNw
Josh Dimarci,Greta Van Fleet,From the fires,https://open.spotify.com/album/6uSnHSIBGKUiW1uKQLYZ7w?si=eRxjm1XjTWGCtrsR42WOmQ
Lateworm,Leonard Cohen,The Future,https://open.spotify.com/album/7E4FRoU4Pk0WuO1SQMV1Bo?si=Y2uzmi3WQ3OcSft1je4ahg
CorbinK,NWA,Straight Outta Compton,I am sure you can find it :)
Lateworm,Peregrine Falls,Peregrine Falls,https://open.spotify.com/album/1KpxtJjZLh1VYyNtLXjQvD?si=lVAxTREWRUmUgYfRxvqOZA
Lateworm,Rush,Vapor Trails,https://open.spotify.com/album/26GJ9kVXxI9s18g20LX3i2?si=klyfq8TMR829Tyk3_gcWoA
VonGrims,The Hu,The Gereg,https://open.spotify.com/album/6YIA45KnCATXRzPFOeA9S8?si=fuJ_7TjwTp2km1veO7oi8w
Lateworm,Jean-Michel Jarre,Oxygene,https://open.spotify.com/album/469JDZgyHrDdZT25FeLKgT?si=tMa9wfn8SKOsmaQENuvB-A
Lateworm,Greta Van Fleet,From The Fires,https://open.spotify.com/album/6uSnHSIBGKUiW1uKQLYZ7w?si=yIq1jQX1SbWAooT06RJCgw
Matt P,Giant Squid,Metridium Fields,https://open.spotify.com/album/2qgAwtcaJl19zcGfEAWJky?si=BAEqxZ-RRsOsVFxDbLs_qw
Cody Chance,Howard Shore,The Lord of the Rings Symphony,https://open.spotify.com/album/65ZyhBBNR4hKX89xBXvDuA?si=sUP5LQKMRC-q-uPQf_cwPw
Cody/Shpants,Apocalyptica,Cell-0,https://open.spotify.com/album/1H3J2vxFHf0WxYUa9iklzu?si=7lakkREbS5G4Qvhbl2Zndg
VonGrims,Powerwolf,Best of the Blessed,https://open.spotify.com/album/4NXUfOL0Y0GFCyIivAhJUu?si=n2tJQEg6Sl6AnRTd2tGFeg
Hairymuffinman,JoeJas,Four Wing island,https://open.spotify.com/album/7qqALq4DkYn9IYUvUvKcoI
OneGuy83,Green Day,American Idiot,https://open.spotify.com/album/5dN7F9DV0Qg1XRdIgW8rke?si=yliGzI0KT1CZz96Exu-F2A
VonGrims,Sabaton,The Last Stand,https://open.spotify.com/album/14OgR04PHXULz1svvsol8L?si=OYX7ekEyQ6aFeKIj0PL6lw
VonGrims,Orden Ogan,RavenHead,https://open.spotify.com/album/6qF1A44UPRnXYLshqAnzWB?si=tIQRRYkKQQCWGvwg2SHNEw
VonGrims,AmonAmarth,Surtur Rising,https://open.spotify.com/album/6bz1yWjzSUlsXXlih2fjyB?si=265LjGIYTQy25nInmaN3LQ
Bob Clarke,Tool,Fear Inocculum,https://open.spotify.com/album/7acEciVtnuTzmwKptkjth5?si=Nw2ZvG4YSXqvm4ALo0SXVQ
Bob Clarke,Puscifer,Existential Reckoning,https://open.spotify.com/album/4eYJzO460ZGaEFNJ4YCizR?si=AMmbVGeQSoGOcz_icb7rxw
Lateworm,Black Sabbath,Paranoid,https://open.spotify.com/album/6r7LZXAVueS5DqdrvXJJK7?si=E4jT07xAQCGCnLJbJK4MWw
Lateworm,Ry Cooder and Manuel Galbán,Mambo Sinuendo,https://open.spotify.com/album/7Bbr1kphzvv9LEUoAFMmkj?si=1w-IeLvbT06KfPbz0dVfRw
Lateworm,Black Crowes,Lions,https://open.spotify.com/album/3QK61AhYi47YTHVOHf4bbe?si=IqEVHMkvReequBFTkIdNfQ
Bob Clarke,Nine inch nails,The slip,https://open.spotify.com/album/6Et26zmZ0Gu4ocrxyU3dSp?si=V8mT2pzdT_2AJAqmN5tIbA&utm_source=copy-link
Bob Clarke,Therion,Deggial,https://open.spotify.com/album/3Qomy9u4HNZqcNLwgSXmDq?si=Ze_2i_WEQua4bE0d9Kd3Lg
VonGrims,PowerWolf,The Sacrament of Sin,https://open.spotify.com/album/2t3dociTSaDTmqIlN21rmC?si=oAt_aR1SSKaVh5DBz8i59g
VonGrims,Testament,Brotherhood of the snake,https://open.spotify.com/album/70oAOzrUemHFWB8VKToEtu?si=jJ14mUM3QGe0FP4y441qxQ
Scott McNei,Pearl Jam,Ten,https://open.spotify.com/album/5B4PYA7wNN4WdEXdIJu58a
Bob Clarke,Metallica,the black album,https://open.spotify.com/album/6QdCohkHKNTVoaSx1ZzitH?si=xmct4k2XSBOFfvGHpMMBfQ
VonGrims,HammerFall,Renegade,https://open.spotify.com/album/5jfTMdqv6SHeJxnJ2C8arV?si=_34ntSXcRB2H2SYqVpQdTg
sophia aristotelis,mazzy star,so tonight that i might see,https://open.spotify.com/album/5K18gTgac0q6Jma5HkV1vA
sophia aristotelis (2),rush,permanent waves,https://open.spotify.com/album/3nUNxSh2szhmN7iifAKv5i
IWearTheShpants,Arjen Anthony Lucassen's Star One,Space Metal,https://open.spotify.com/album/5FJ4iBssG6V530ms8YvGIa?si=wxK4Q4fpRpqsPACJa0i4qw
VonGrims,Powerwolf,Mettalum Nostrum,https://open.spotify.com/album/3mm588N08qvVwMXZFBWSfK?si=_Tju2z6jSBezhqozvjGuBg
VonGrims,Tyr,Valkyrja,https://open.spotify.com/album/651Ol2qId4W1G0BUlJhwZU?si=8CyQLnftSaasGcF6wtmVHQ
subliminal,KMFDM,Symbols,https://open.spotify.com/album/6g99frcxtUThvTjTwo9LfC?si=ytYhyE6ES8ig7hhtoS_zYg
subliminal,NiN,PHM,https://open.spotify.com/album/3umFHeEpc4yLXtrRcv9gLN?si=X7eTQJpCTtKHBgOf0hLWrA
Curtis,The Ocean,Pelagial,https://open.spotify.com/album/6R9cHdJ7hljxDDYq2tUCdO?si=5qJPg9gXRkCtT-Bg0_FJhA
VonGrims,Dmitri Shostikovich,Dmitri Shostakovich's 7th Symphony,https://open.spotify.com/album/2yR4NEMTGmu6P9V0pWGWfB?si=8W8aOerxTCuPpQ_-mNqmmw
John80,The Doors,The Doors,https://open.spotify.com/album/1jWmEhn3ggaL6isoyLfwBn?si=8YKqZgc0TLuYvlgALGbSDA&utm_source=copy-link&dl_branch=1
John80,Pink Floyd,The Division Bell,https://open.spotify.com/album/5F0IQXuHfTV7SBvZVnXERl?si=-Unn6PO2Q865GxsbqiKRUA&utm_source=copy-link&dl_branch=1
Bob Clarke,Down,Nola,https://open.spotify.com/album/04BvRPJwuDeuJ3DhbAw9Wg?si=zOo8YU-TQSW1VPL_Kf3XQg&dl_branch=1
Bob Clarke,Dream Theater,Systematic chaos,https://open.spotify.com/album/5ORyMl3oua4PPIWXZVN8kz?si=ELsAKXVhTxKeaaJ0Cbz2DQ&dl_branch=1
subliminal,Govinda,Amethyst Noise,kkkhkjh
IWearTheShpants,Lord of the Lost,Empyrean (Deluxe Edition),https://open.spotify.com/album/110bBkfQdpalkrieMRzyEF?si=NfSlBFdTRDOUm1Dn1ok_Hg&dl_branch=1
David,The Tragically Hip,Phantom Powe,I dont have one
Oksana Clarke,Melanie martinez,k - 12,https://open.spotify.com/album/1KerGJUScYGffP3Mjmjz8c?si=_--A7JJMQ7WS3RhmDfDlnQ&dl_branch=1
IWearTheShpants,Gothminister,Utopia,https://open.spotify.com/album/5w0PFZBEAVmGj5I0a0Tij0?si=YBOeDwwYQj67Zlg05O4fUA&utm_source=copy-link&dl_branch=1
Bob Clarke,Various artists,Kill Bill Vol 1 OST,https://open.spotify.com/album/1FpzNqDbugk77xUj0qOrtQ?si=csQyH0KOSHS5o-pYcBf4vA&utm_source=copy-link&dl_branch=1
Bob clarke,Opeth,Still life,https://open.spotify.com/album/5iA9ECcGKLN2BSxikuENma?si=Aw1AZ7AdSVSY9MRcr2VKNQ&utm_source=copy-link&dl_branch=1
Lateworm,Steely Dan,Countdown To Ecstasy,https://open.spotify.com/album/3VwMlhrc3Z0YON3UNV0VSC?si=o4Awpmu7StCAs_1iTiR4NA&dl_branch=1
bloodfistzero,Noora Louhimo Experience,Eternal Wheel of Time and Space,https://open.spotify.com/album/4HxA5iOFRS2pFK8wOhP46S?si=A6uTySVoREGtX7Xi3UIjWQ&dl_branch=1
Lateworm,The Avalanches,Since I Left You,https://open.spotify.com/album/0YtYaaO0aipyeQl0xhAWTO?si=oYs106owQeKnxlk0uTXk-A&dl_branch=1
Shawn/Project,Sonata Arctica,Takatalvi,https://open.spotify.com/album/1UMd2rfKiJ3cJYPQqk7Sq9?si=n8DgLj_xSxKmRg8ztOKndQ&utm_source=copy-link&dl_branch=1
Josh DI Marco,Polyphia,Renaissance,https://open.spotify.com/album/1Ki56K82avE7nTkZEyVIE7?si=u1u1EBJnQE2zp7oMmXdgiA&dl_branch=1
Lateworm,Dire Straits,Dire Straits,https://open.spotify.com/album/2rCS6Xwx32V27pvgFzLzlT?si=_3ZjLD0HRliNcrzLxpDDJw&dl_branch=1
Lateworm,Robert Cray,Strong Persuader,https://open.spotify.com/album/3rAh0jKm464FlwzqiFf8mC?si=nsQc7NSbReyXSfXcfGJarQ&dl_branch=1
Bob Clarke,The Tea Party,Transmission,https://open.spotify.com/album/1hBOzWPST7jrMG8YS2fkID?si=5NAqQkXzTVKiDn1wvZusww&dl_branch=1
Bob Clarke,Bone Crew,Manifest,https://open.spotify.com/album/3m98vu4Xe2X7rTS78gUzNO?si=d_lgX-l1SuWiy3bjq1kDXQ&dl_branch=1
John,Stone Temple Pilots,Core,https://open.spotify.com/album/5kxuokOacguIqDJRh1ZXRC?si=lslXj0f8QU6gzWELOZdpTQ&utm_source=copy-link&dl_branch=1
Bob Clarke,Daft Punk,Discovery,https://open.spotify.com/album/2noRn2Aes5aoNVsU6iWThc?si=ojxjK4A3R4uRvwf82HgB4w&utm_source=copy-link&dl_branch=1
Shawn / Project,Serj Tankian,Elect The Dead,https://open.spotify.com/album/4QxqpP6peduwboJWJDOO9H?si=VxOIo94STh2UFxHIBP9Iyg&utm_source=copy-link&dl_branch=1
Shawn / Project,Viza,Made in Chernobyl,https://open.spotify.com/album/3FRtZRHc6B5WpnLadUFfL0?si=x5QIV9z8Rc6FK2WIR-s1pg&utm_source=copy-link&dl_branch=1
Hannibal,Billy Talent,Billy Talent II,https://open.spotify.com/album/0cTOvcvrbNiaiv4WXEUHzT?si=haEYh7WfSR6Ica-J8-Sd2A&dl_branch=1
Shawn / Project,Sonata Arctica,Unia,https://open.spotify.com/album/3jKq3ckEriYmq6BCzbNBiL
IWearTheShpants,Plini,Handmade Cities,https://open.spotify.com/album/36vGWMFViWBpBB4npwmusv?si=KJcOixtlSeKmIVAbNuULPQ&dl_branch=1
IWearTheShpants,Leprous,Malina,https://open.spotify.com/album/0DvboP39IwpnJU9QrKIpDW?si=E_lIHx2rRmOAPR9oYwg8IA&dl_branch=1
IWearTheShpants,Eiffel 65,Europop,https://open.spotify.com/playlist/1E7RxKqoWtZEgOknWvhWmA?si=2dc314d83d76434d
Bob Clarke,The Rolling Stallones,Vol. 4: Like Life Depends on it,https://open.spotify.com/album/58T5mrih3QPLpyRl6JpxGo?si=GTOgymhiSEO-yPHuikYgDA&dl_branch=1
Lateworm,Rolling Stones,Let It Bleed,https://open.spotify.com/album/4l4u9e9jSbotSXNjYfOugy?si=EZqhpGP0Tvyo2ArqjxQZKg&dl_branch=1
Bob Clarke,Devin Townsend,Empath,https://open.spotify.com/album/7MPJRyMFbWbgezRP2Pj4TZ?si=XnCQoZ10Q7mTsdZaehHb5Q&dl_branch=1
VonGrims,BloodBound,Nosferatu,https://open.spotify.com/album/7bw6R2kPVyTRru6808YbIX?si=x6J7Bvx6TAG-1moPtc_5ZA&dl_branch=1
VonGrims,Five FInger Death Punch/FFDP,"F8 (pronounced ""Fate"")",https://open.spotify.com/album/7vAcymF4feKxvqcUDzLQD2?si=8RPC101PROeVkY2sTggr4A&dl_branch=1
VonGrims,Arch Enemy,will to power,https://open.spotify.com/album/1HimPrGurKic1hNOSidwF2?si=zH2wBJCERc2vRW0Xig1CYg&dl_branch=1
Oneguy83,Red Hot Chili Peppers,Californication,https://open.spotify.com/album/2Y9IRtehByVkegoD7TcLfi?si=-arXHW1kRxWvSyhOAUC8Xw&dl_branch=1
Oneguy83,Disturbed,Immortalized,https://open.spotify.com/album/1ROVEUk4lc2vD4a0IN1TWS?si=njDodQrCThKOIQ2HKlWXoQ&dl_branch=1
Jamie,Deftones,Around the Fur,https://open.spotify.com/album/7o4UsmV37Sg5It2Eb7vHzu?si=NTjOFtKBQkGvRxh9sgUYTA&dl_branch=1
Mikael,Ghost,Prequelle,https://open.spotify.com/album/1KMfjy6MmPorahRjxhTnxm?si=g6bhU-50QGaC8CnxSJYZvw&dl_branch=1
OneGuy83,Enthogenic,Kykeon,https://open.spotify.com/album/0qKvJEUpgVRhAjNL6Jg83n?si=B8O8YRneTFWqndhuHgUaUw&dl_branch=1
Lateworm,Art Napolen,Creeland Covers,https://open.spotify.com/album/2lvghAkoGgKyqTFKGvYhtB?si=A8QrVccAQZy0v2zNJ3dgYg&dl_branch=1
Lateworm,Robbie Robertson,Robbie Robertson,Lateworm
Lateworm,Art Napoleon,Miyoskamin,https://open.spotify.com/album/6bkpdo0FS3lakun4XAiRcd?si=KJSnTKzRQPCsQPRO0VqHyg&dl_branch=1
VonGrims,Orden Ogan,Gun men,https://open.spotify.com/album/4yyNmVBMtdAcCTo51u4hvz?si=YJdFxlVrQOepG8O-Ew8vkw&utm_source=copy-link&dl_branch=1
Bob Clarke,Rob Zombie,Hellbilly deluxe,https://open.spotify.com/album/2B4lHoTCpWbxQPTZmCOjnH?si=Aa7A8jGpRmeCWadjJS-A9w&utm_source=copy-link&dl_branch=1
Bob Clarke,Halsey,If I cant have love I'll take power?,https://open.spotify.com/album/3sq0hRtlT2SYeYajr5Cx22?si=D37y1T8BQluUW9ZRSH9eXg&utm_source=copy-link&dl_branch=1
IWearTheShpants,Pomme,À peu près,https://open.spotify.com/album/65JwIioaq6D5ExpRdtYpCM?si=gkwk4wneRi6kO9HHe_6iQw
VonGrims,Turisas,Stand Up and Fight,https://open.spotify.com/album/2fjpx53vlf2xrg8RRYOjK7?si=iSEpZ4HBTcmM9hbBP8Id4w
Mikael,The Mars Volta,Deloused in the Comatorium,https://open.spotify.com/album/0CA2EVHhRPR5VPV78KZw89?si=68asqP-YSCeOUFz5snyOcw
Mikael,öOoOoOoOoOo,Samen,https://open.spotify.com/album/6fqqtVc8gRBPLuszq9BTl4?si=BrfMo-hjSlCF8GTZ4t5TXw
Mikael,Troldhaugen,Idio+syncrasies,https://open.spotify.com/album/10JK6pvcQrXF5gCB11LVK8?si=W2AafQCuSdSzToipZMU2eg
Mikael,Marilyn Manson,Holy Wood,https://open.spotify.com/album/3stFLIWyYH4a8u0bdxDopt?si=XbnpcCnXQouF8CUHwDY8Ew
IWearTheShpants,Brendan Dalton & The 1740 Boys Choir,Christmas in Middle-Earth,https://open.spotify.com/album/5dhwDnIufW1vdorSYQGGpc?si=F-XJ4A7TQnKM335aY2OrJA&utm_source=copy-link
Clintiffer,The Tragically Hip,Fully Completely,Don’t have it  :/
VonGrims,Horizon Ignited,After the Storm,https://open.spotify.com/album/1O6VIm91oHJNt9W7fYx2hj?si=kmgQO-12SlyuSSbMJZJtpA
VonGrims,Tyr,Hel,https://open.spotify.com/album/4lhDKkNmLDgGS9LZWMwpHU?si=-FO8lmDgTzqblsDloUhkQw
Bob Clarke,Mushroomhead,XX,https://open.spotify.com/album/2YeONO6X69sNRTxuMCwWTx?si=xs4eoPW2R1ixl0J54Gf-FA&utm_source=copy-link
Lateworm,Booker T & The MGs,Green Onions,https://open.spotify.com/album/2AOgUnt5BJPL7NnZGj82DW?si=1gwgUav2SK-HAXmpT3uK0w
Lateworm,Booker T & The MGs,Melting Pot,https://open.spotify.com/album/75TzwEVGXEdWHu4XjOuRF8?si=iZ5e08ZoTJySgAArCClPBg
VonGrims,Soilwork,verkligheten,https://open.spotify.com/album/1bKXTR40NIO0RrsIlFQyTr?si=fyl57PVsSISQHWFA-rHzaw
Ron LaFlame,Bobby Darin,That’s all,https://open.spotify.com/album/5MsJK0kqiYIJDmd3cjkGMn?si=3x1Ylf8wRPuOuZHSU9dp1Q
Van,Nina Simone,Pastel Blues,https://open.spotify.com/album/31pd81sWDaK2pP3ok5892z?si=S-g18601Q_GZAYDPb9k1uA
serialkvetcher,Frank Sinatra,Strangers in the night,https://open.spotify.com/album/1kyb5tomEXcA106V57puFW?si=r4Q72mgVRg2hGdjaVjlFOw
IWearTheShpants,Jorn Lande and Trond Holter,Dracula - Swing of Death,https://open.spotify.com/album/7vcqgOcEX03piPN7KdKjZ9?si=cHu_xzf-SxGyiLiHn8lsNA
Lateworm,Marianne Faithfull,Rich Kid Blues,https://open.spotify.com/album/7m06IfHTHIxJHPlOrCybrk?si=lbAe0AP0QD-TT6yFv1f-tw
Lateworm,Marianne Faithfull,Broken English,https://open.spotify.com/album/1tINec0tqqLA63vxQUCgYS?si=DfppgiPVTaaIq9FOK4ZJCw
Lateworm,Elvis Costello,My Aim is True,https://open.spotify.com/album/3d3I3Ppu529si8Oja9DB3A?si=N1HSID8iT2yvCdIuBEn0Fw
Lateworm,The Dead 60s,The Dead 60s,https://open.spotify.com/album/0WfWAS3mVMBkQ3VNLwRkEW?si=zCemx684QgCOYbP5FiZOdw
Lateworm,Eddie Vedder,Into The Wild,https://open.spotify.com/album/13xlpKbai3GGoMSr75lOeX?si=Pjf6AXJ_TWunHKGzD6qheg
Lateworm,Van Morrison,Moondance,https://open.spotify.com/album/5PfnCqRbdfIDMb1x3MPQam?si=K0tpjlQ8TLWNoucXc_1uZA
Lateworm,CSS,Cansei de ser Sexy,https://open.spotify.com/album/4hE0UliYSCQiItKmKRDBaD?si=5MWhKW2VSVOVafeMPjFsFg
Lateworm,Gossip,Standing in the Way of Control,https://open.spotify.com/album/7kT3bu386sQNmb8C6GS1Dr?si=KFx5Iq24SxmSq8lCLTa0pA
Lateworm,Glenn gould,Goldberg Variations,https://open.spotify.com/album/1aCpHSQE5ghxibsQ5gkBe0?si=yJGDs-YsQ7OJL_Bk4Kzx_A
Lateworm,Art Bergmann,Sexual Roulette,https://open.spotify.com/album/0S6GQhxPa4EC7Yr7DNuYGJ?si=OCgGc-vjRs6PRy4IWmZFvw
Lateworm,Paul Simon,Graceland,https://open.spotify.com/album/4WoQ94qzwQj28n3nlSOVLB?si=2DtfyM4iRUmyoFhJkafWmQ
Lateworm,Nick Drake,Bryter Layter,https://open.spotify.com/album/04FfqGvZJ9oUBGRVrq2FE5?si=7_SwBwBvTbm3YRE0pLCeag
Lateworm,Brian Eno,Another Green World,https://open.spotify.com/album/6uoeezh45SYEb8lcT8gDTY?si=ONSSkw6VQ1Scbb3CnXtsag
Lateworm,Uriah Heep,Demons & Wizards,https://open.spotify.com/album/5OGPphsycPCeEcJlxKnt0l?si=g9-U59bWTFORXnBnpF8qiw
Lateworm,"Arne Domnérus, Bengt Hallberg, Lars Erstrand, Georg Riedel, Egil Johansen",Jazz at the Pawnshop,https://open.spotify.com/album/2n9hb7Ja1ZheONALLfSLVq?si=MEtDuE3kTt2oMuhR2pl_qQ
Lateworm,Max Richter,Four Seasons Recomposed,https://open.spotify.com/album/0JBT8Sw5eGWC86DCrobOfY?si=264jCw0tRSW4CDrqiyFWUA
IWearTheShpants,(Arjen Anthony Lucassen's) Star One,Revel In Time,https://open.spotify.com/album/59eeYsYn4KBOtOtAPCESVW?si=VuG5YwVMRw2ARWC_JkBJAw
IWearTheShpants,Immortal Guardian,Psychosomatic,https://open.spotify.com/album/3cTbnbj4OI8nEaZc45D5RE?si=QtPu_-g4SOWt-RjFfHwxjw
ethereal333 (Eva),Soviet Soviet,Fate,https://open.spotify.com/album/03ti9fj1guEvPZdYTAQ05D?si=gFW7L_hRR36-lDooSUaGmg
VonGrims,Amon Amarth,Twilight of the thunder god,https://open.spotify.com/album/3j0GCUTDz53x9Mzl8L1Fwz?autoplay=true
Mahnogard,Il Maniscalco Maldestro,il maniscalco maldestro,https://open.spotify.com/album/5VICFcdyzIZD1DXfx5rOe3?si=TKkWIhgcTXGaBx-f74XTRg
Mahnogard,Yma Sumac,Voice of the Xtabay,https://open.spotify.com/album/5TLvtlVdvfCXoVbZXXlbQw?si=D2gvty0fRNW3R4JmQuWWJg
Malt,Wishbone Ash,Argus,https://open.spotify.com/album/7xEluvnbmFtRB5g66CJ2ND?si=SBJDOkl6RzqXvbO6jLALiQ
April Rose,Faith No More,The Real Thing,https://open.spotify.com/album/6LEP3L94jnkqjOxYJWPRP0?si=TWvdNfRrSo-MOy7xNpdKwg
Dbbzzz,Verissimus,The Great Empire,https://open.spotify.com/album/5WAsrILRuYKbPe7mpPRICG?si=L1OeFsaIRdi1OFvv2WaaOw
Mahnogard,Twin Temple,Twin Temple (Bring You Their Signature Sound... Satanic Doo-Wop),https://open.spotify.com/album/5wopjMxpL3Bq6UE3oZ9Sun?si=byA58eqSSvGjgYRvLbtcwg
Malt,Harvey Mandel,Baby Batter,https://open.spotify.com/album/4vBNUIb00XGfpN5UcHaM6c?si=gRHHn49MS2abAw3_BTxjCQ
Lateworm,Funkadelic,Maggot Brain,https://open.spotify.com/album/3ywVzrwMQ3Kq43N9zBdBQm?si=L4saTu6ZSdCfZXm-a-o3Sg
Malt,Blue Oyster Cult,Fire of Unknown Origin,https://open.spotify.com/album/7v4kEpVtppoMm80m43lGzt?si=c_fSMj9ASeK61h6Pr1FtaQ
Bloodfistzero,Archspire,Bleed the future,https://open.spotify.com/album/5lWIRgkSy5WWOMrZ7xxygH?si=VceUcrpESdWGFDXAfwud7w&utm_source=copy-link
Bloodfistzero,Ghost,IMPERA,https://open.spotify.com/album/3fn4HfVz5dhmE0PG24rh6h?si=e9AAq8KsTnev5QI3XRg1Sw&utm_source=copy-link
Athiela,Smashing Pumpkins,Mellon collie and the infinite sadness,https://open.spotify.com/album/55RhFRyQFihIyGf61MgcfV?si=mRkzUKjkRTS5U2fVu8ov7A
Malt,Marvin Gaye,What's Going On,https://open.spotify.com/album/2v6ANhWhZBUKkg6pJJBs3B?si=cVQGWSjeQcillCLI_u4k4w
Malt,John Hartford,Aereo-Plane,https://open.spotify.com/album/5sGlw68IwialC58eOpnUBN?si=hLx8rsFcT5mq3zGKLTtA9g
Malt,Santana,Abraxas,https://open.spotify.com/album/1CHUXwuge9A7L2KiA3vnR6?si=w1GpuLY6SGWWv8h76svcPg
Athiela,Magma,Mekanïk Destruktïw Kommandöh,https://open.spotify.com/album/1hWwZZvGF4CGT9AnSAPXlR?si=bKEJ4m6VQ1uMKnHRGvNx8Q
Malt,Blue Oyster Cult,Blue Oyster Cult,https://open.spotify.com/album/6xxUsZyckaV0shjOJ0cVpf?si=xO4NdusAQLygnBZcHopqkw
Malt,Blue Oyster Cult,Secret Treaties,https://open.spotify.com/album/0cs4Eli5HS6BomzJ9yfrAw?si=U86zRqjcTU6W1LQ0rxU53A
Malt,Ry Cooder,Paradise and Lunch,https://open.spotify.com/album/0i7EzDfNC1tfBRpbKkYbrt?si=ifAB4uhnQCGE4IjufGz69w
Josh,Sweet Trip,Velocity : Design : Comfort,https://open.spotify.com/album/0eUUQ4rly8Q8PyJPWLgde2?si=OT6c_455QgOEvNIbErWGBg
Josh,Aphex Twin,Syro,https://open.spotify.com/album/6oRuinkJdTge4hpTuClEF8?si=kbDYX9tCQUm7u7MbgzhzVw
Bob/Loki_gee,Run the Jewels,RTJ4,https://open.spotify.com/album/6cx4GVNs03Pu4ZczRnWiLd?si=tW1CAZJLSnm4J3TuxuWkDQ
Josh,King Krule,The Ooz,https://open.spotify.com/album/7D0onfXwlFnOvm1gF3nEdw?si=oFRGRTChS_yiqZg43bm_yA&utm_source=copy-link
Athiela,Cocteau twins,Heaven or Las Vegas,https://open.spotify.com/album/5lEphbceIgaK1XxWeSrC9E?si=uafdtQE5RE6wwHV_LOfJQQ
zxc,Rïcïnn,Lïan,https://open.spotify.com/album/74rMZ7zDtqpDngC5Xvm3r6?si=TDRunJh1Qn-LG1hIPWFuwA
Athiela,Jean-Luc Ponty,Cosmic messenger,https://open.spotify.com/album/6EfLu75i2jqhN4s4xlqh6m?si=DH2boeIGS7GH46uAx2Cs3w
Project,Viza,Carnivalia,https://open.spotify.com/album/4IwkpI3q4leC8sv7qRiQi3?si=-qAdAcaUQtmxUlVQwf_scQ&utm_source=copy-link
IWearTheShpants,Ayreon,Into The Electric Castle (20th Anniversary Remix),https://open.spotify.com/album/50N66IWzdItjLTlVL3cm1q?si=cOtVKL9CQ76nNdUKI0E0bw
Athiela,Daliborovo Granje,Hainin,https://open.spotify.com/album/54N18QUANPfExF7diSygC8?si=wTZsQ-hYSaKaPtyL2hQIjg
Lateworm,Jim James,Eternally Even,https://open.spotify.com/album/2wYw4vZlu7XwvtdQPRmsmL?si=K5KZ29ehQrWDy20fXlg8ZA
zxc,Avishai Cohen,Aurora,https://open.spotify.com/album/1KG80lbbuBCXolc9iWO7Fw?si=tNF_3uG7Q3OGZr2s-Rxghg
zxc,Tom Misch & Yussef Dayes,What Kinda Music,https://open.spotify.com/album/6iOCv7oGL5sGi2aVnRz2BI?si=-mRsp1wJRoW3pfgAZQqY3g
Mahnogard,Chris Isaak,Heart Shaped World,https://open.spotify.com/album/5Das42Qx4AoU9iT4M7PW3U?si=krfsLtTyQv28MEG_K5aiKw
Mahnogard,Junior Brown,Guit With It,https://open.spotify.com/album/1NdtK0kyWRwK0uksE5cl4q?si=GTcOQZ1nTx6lE9vffVfzTg
Mahnogard,Jimmy Martin & Ralph Stanley,First Time Together,https://open.spotify.com/album/400CoAek8RpV1dwk6bE6Jt?si=l5xz_rOXT26uh0MIjxlKTw
Josh,The Mars Volta,Deloused in the Comatorium,https://open.spotify.com/album/5yq5H94vrdtWGlas2RZjsC?si=x9-Gcw9zQ36oYKfpOdPMoA
Josh,Ty Segall,Manipulator,https://open.spotify.com/album/2pIFOXH6DxLbWcUO19mbXa?si=vi1cwedqS7Gv27VSBKKsvQ
Malt,Rolling Stones,Exile on Main Street,https://open.spotify.com/album/5U4dnRZsfW8NmwBBkELFPh?si=1hzIBEBZRSuZD8aqdsLJOg
purpledaydreams,grandson,Death of an Optimist,https://open.spotify.com/album/0n5LA95QYWAs9wwkkA8Sji?si=xXQFyT-HQuqZEw0OYN407Q
Bob,Nine Inch Nails,The Fragile,https://open.spotify.com/album/4uiVwLbTzE6VMkXpaDAwB8?si=QrR3w7SGQDqzfDQqndeD-w&utm_source=copy-link
Athiela,Dead can Dance,Wake,https://open.spotify.com/album/5z4Q2U6gWYPjtwnTdlUM4O?si=2LZ6VQEvQmqqA6qKUdZ-4w
Darkghostreaper,Shadow of Intent,Elegy,https://open.spotify.com/album/1YwAkYsGTgNMWaayCgxjsb?si=dQ9BbIfyR9efI20aM1RSYw
Mahnogard,Emmylou Harris,Last Date,https://open.spotify.com/album/21UAuk2Gob5d74KvuBRCll?si=kDx1QoWNRqu-FBVAEGfqoA
Chase/Goblin/chasegoblin,Modest Mouse,The Lonesome Crowded West,https://open.spotify.com/album/5mvHTVy1iUIkAflIufoOpj?si=_okbYBKQT1StF2ZHKz-PmQ
Chase,Glass Beach,The First Glass Beach Album,https://open.spotify.com/album/5GOoswCqZQiq9gbjSHkzMq?si=Z6ZQCX69SYCZFa-dRPnSBA
Nutmeg,Wickerbird,The Leaf Maker,https://open.spotify.com/album/2xuL8iXmIOWOkgVAkKaxpQ?si=tG8Na7vpTweMvkHkD0FqtA
Athiela,Espers,The weed tree,https://open.spotify.com/album/1IoakdOBKYcDcTSHdA2ejE?si=ysdU-4dRRZOCWg7W0ajyNA
illusion,Deftones,Self Titled,https://open.spotify.com/album/6252G7bGCVijXlqAjtjeDP?si=HWkrmNFTR3-41ih9KYizXQ
zxc,Avishai Cohen Trio,Gently Disturbed,https://open.spotify.com/album/3t8rlTP37FeHrCHVeFByEn?si=hsPiIbVYSx62GyLeNV0teg
Mich,Aurora,All My Demons Greeting Me as a Friend,https://open.spotify.com/album/0ltlJlYNzuXoMMv7fie9D9?si=d5w9rVQfQX2Ig0ePeXPfZA
VonGrims,Arch Enemy,War Eternal,https://open.spotify.com/album/3qzrNVuUyOJxfzMYRCh5qN?si=R9PCvTzHQw-iF22cicvuqA
Nutmeg,Men I Trust,Oncle Jazz,https://open.spotify.com/album/4W4gNYa4tt3t8V6FmONWEK?si=lPTT6cBSSDWl8R9MEsa44g
Trombone,Pain of Salvation,Remedy Lane,https://open.spotify.com/album/5wdXBbdGH90qfKoWBErbdw?si=B_p4kKAJRHeKEJhhMNHABQ
Nutmeg,Milo,So The Flies Don't Come,https://open.spotify.com/album/45yNkza8JuekpuH6uvThbQ?si=dcKFZrJ2QtWvnY0adlKy2g
Tone,The Moody Blues,Days of Future Passed,https://open.spotify.com/album/7IIy4elDOHGHr6qemgpa9i
Tone,Ólafur Arnalds,Eulogy for Evolution,https://open.spotify.com/album/0CCmRxJMfXmuJMksYEWK3j
Tone,King Crimson,Red,https://open.spotify.com/album/13dGZzRzFoejmyVXAbTPAH
Tone,Beardfish,Från En Plats Du Ej Kan Se,https://open.spotify.com/album/6saHXEBB4wlmJN2mFBTpvg
Athiela,Shahbaz hussain Helen Anahita Wilson,Diwan,https://open.spotify.com/album/5kDMJ5L4NHCyCwVG6wgdAL?si=UOuTcSsCTuC572rksjLA0Q
SunsetChaser,AWOLNATION and Various Artist,"My Echo, My Shadow, My Covers & Me",https://open.spotify.com/album/7AERvdOdM3KBn5XaCs42dW?si=NZ_9HcoBRxSE0xYtLzEUbA
Trombone,Nightmares on Wax,Carboot Soul,https://open.spotify.com/album/5pwdeiIEpfn2TF7M1J21MR?si=xfRWlW2BSyaxCQqPiHK21w
SunsetChaser,Mike and the Moonpies,Cheap Silver and Solid Country Gold,https://open.spotify.com/album/2trPFAz1jzWrgEoXBarIZc?si=O0mGRamDSd2Ckcf6PSm0Zw
Curt's Album Party,The Offspring,Smash,https://open.spotify.com/album/7IDywTRaCI8qzS3X8tNU3x?si=79yMPwGmTuie3TYO-9kCoA
Trombone,Gazpacho,Night,https://open.spotify.com/album/2ROXZGeVGgBKCJApvAjs8y?si=pojx_vq5QQanDaZYFfGq5g
Trombone,My Dying Bride,The Angel and the Dark River,https://open.spotify.com/album/7lPBSJlgg96SWGOOCNqPLv?si=x5qoWUUiRim3O7-Laf2RzA
Athiela,Björk,Medulla,https://open.spotify.com/album/12n9nyAJ5Q4FHRldrciIPG?si=FI7zQgmqT_C-O0Dp37kwBg
Athiela,Lumsk,Troll,https://open.spotify.com/album/3OCW4y1Qd61DHlPmRe11uv?si=0QiRBixeSPyOzaLA3rFEfw
Mikael,Modwheelmood,Pearls to Pigs,https://open.spotify.com/album/2o74CGinJ3EFcOtur6nHzo?si=Hi6zLPI6SCOJ3egScaQbqw
Mikael,King 810,Suicide King,https://open.spotify.com/album/0OyUIbfK7QmrsLgTR8rBLv?si=hv-1s1xeQqOh9YMeWJjjeg
Mikael,My Chemical Romance,The Black Parade Is Dead!,https://open.spotify.com/album/7N29psReKsIR8HOltPJqYS?si=0wFdXuOkTOOFhBFO2SyiRA
IWearTheShpants,Blue October,Home,https://open.spotify.com/album/41kJiMFPVIfh06Ojk8Udxt?si=b1yb33kHRk-GXCvlV1sXYQ
SunsetChaser,Young Summer,Siren,https://open.spotify.com/album/5gEAFhTQ8yVAWaDUaC6fGh?si=OJKW_RxdRby8dt72GSXwLg